-- phpMyAdmin SQL Dump
-- version 4.6.4
-- https://www.phpmyadmin.net/
--
-- Host: 127.0.0.1
-- Generation Time: Aug 20, 2017 at 10:22 AM
-- Server version: 5.7.14
-- PHP Version: 5.6.25

SET SQL_MODE = "NO_AUTO_VALUE_ON_ZERO";
SET time_zone = "+00:00";


/*!40101 SET @OLD_CHARACTER_SET_CLIENT=@@CHARACTER_SET_CLIENT */;
/*!40101 SET @OLD_CHARACTER_SET_RESULTS=@@CHARACTER_SET_RESULTS */;
/*!40101 SET @OLD_COLLATION_CONNECTION=@@COLLATION_CONNECTION */;
/*!40101 SET NAMES utf8mb4 */;

--
-- Database: `annotator`
--

-- --------------------------------------------------------

--
-- Table structure for table `clicks`
--

CREATE TABLE `clicks` (
  `id` int(11) NOT NULL,
  `id_photo` int(11) NOT NULL,
  `x` int(11) NOT NULL,
  `y` int(11) NOT NULL,
  `id_player` int(11) DEFAULT NULL,
  `human_generated` tinyint(1) NOT NULL,
  `distance` float NOT NULL
) ENGINE=InnoDB DEFAULT CHARSET=latin1;

--
-- Dumping data for table `clicks`
--

INSERT INTO `clicks` (`id`, `id_photo`, `x`, `y`, `id_player`, `human_generated`, `distance`) VALUES
(1, 107, 500, 305, 2, 0, 0),
(2, 229, 627, 350, 2, 0, 0),
(3, 60, 510, 189, 2, 0, 0),
(4, 688, 572, 476, 2, 0, 0),
(5, 502, 655, 355, 2, 0, 0),
(6, 42, 459, 149, 2, 0, 0),
(7, 49, 574, 398, 2, 0, 0),
(8, 631, 276, 306, 2, 0, 0),
(9, 384, 551, 366, 2, 0, 0),
(10, 432, 347, 377, 2, 0, 0),
(11, 131, 596, 320, 2, 0, 0),
(12, 370, 561, 577, 2, 0, 0),
(13, 84, 499, 337, 2, 0, 0),
(14, 39, 668, 413, 2, 0, 0),
(15, 311, 576, 360, 2, 0, 0),
(16, 276, 492, 318, 2, 0, 0),
(17, 218, 470, 449, 2, 0, 0),
(18, 249, 518, 363, 2, 0, 0),
(19, 788, 587, 411, 2, 0, 0),
(20, 247, 437, 400, 2, 0, 0),
(21, 606, 437, 429, 2, 0, 0),
(22, 693, 549, 424, 2, 0, 0),
(23, 683, 337, 155, 2, 0, 0),
(24, 347, 387, 458, 2, 0, 0),
(25, 13, 587, 322, 2, 0, 0),
(26, 316, 427, 388, 2, 0, 0),
(27, 779, 466, 232, 2, 0, 0),
(28, 258, 340, 581, 2, 0, 0),
(29, 686, 500, 405, 2, 0, 0),
(30, 484, 500, 273, 2, 0, 0),
(31, 113, 380, 341, 2, 0, 0),
(32, 534, 446, 363, 2, 0, 0),
(33, 183, 405, 369, 2, 0, 0),
(34, 714, 625, 186, 2, 0, 0),
(35, 208, 643, 378, 2, 0, 0),
(36, 711, 517, 299, 2, 0, 0),
(37, 118, 566, 381, 2, 0, 0),
(38, 340, 567, 415, 2, 0, 0),
(39, 695, 553, 429, 2, 0, 0),
(40, 178, 334, 233, 2, 0, 0),
(41, 172, 381, 408, 2, 0, 0),
(42, 691, 639, 340, 2, 0, 0),
(43, 785, 439, 412, 2, 0, 0),
(44, 268, 345, 230, 2, 0, 0),
(45, 453, 467, 324, 2, 0, 0),
(46, 206, 560, 252, 2, 0, 0),
(47, 150, 472, 440, 2, 0, 0),
(48, 215, 228, 384, 2, 0, 0),
(49, 748, 513, 412, 2, 0, 0),
(50, 726, 523, 296, 2, 0, 0),
(51, 475, 313, 254, 2, 0, 0),
(52, 495, 498, 366, 2, 0, 0),
(53, 617, 611, 162, 2, 0, 0),
(54, 455, 520, 371, 2, 0, 0),
(55, 173, 381, 263, 2, 0, 0),
(56, 295, 496, 334, 2, 0, 0),
(57, 335, 501, 373, 2, 0, 0),
(58, 651, 516, 399, 2, 0, 0),
(59, 135, 679, 307, 2, 0, 0),
(60, 50, 419, 208, 2, 0, 0),
(61, 398, 569, 306, 2, 0, 0),
(62, 619, 666, 298, 2, 0, 0),
(63, 231, 524, 442, 2, 0, 0),
(64, 537, 714, 298, 2, 0, 0),
(65, 738, 496, 430, 2, 0, 0),
(66, 733, 410, 309, 2, 0, 0),
(67, 365, 478, 344, 2, 0, 0),
(68, 349, 679, 337, 2, 0, 0),
(69, 459, 400, 383, 2, 0, 0),
(70, 397, 570, 392, 2, 0, 0),
(71, 764, 455, 390, 2, 0, 0),
(72, 423, 556, 387, 2, 0, 0),
(73, 322, 614, 328, 2, 0, 0),
(74, 354, 623, 375, 2, 0, 0),
(75, 413, 562, 209, 2, 0, 0),
(76, 211, 462, 370, 2, 0, 0),
(77, 512, 501, 386, 2, 0, 0),
(78, 98, 489, 364, 2, 0, 0),
(79, 238, 527, 323, 2, 0, 0),
(80, 650, 439, 440, 2, 0, 0),
(81, 202, 434, 380, 2, 0, 0),
(82, 80, 370, 334, 2, 0, 0),
(83, 746, 627, 426, 2, 0, 0),
(84, 427, 467, 293, 2, 0, 0),
(85, 320, 457, 438, 2, 0, 0),
(86, 401, 631, 232, 2, 0, 0),
(87, 55, 553, 402, 2, 0, 0),
(88, 545, 381, 331, 2, 0, 0),
(89, 632, 582, 407, 2, 0, 0),
(90, 207, 508, 372, 2, 0, 0),
(91, 701, 612, 347, 2, 0, 0),
(92, 230, 416, 430, 2, 0, 0),
(93, 552, 550, 318, 2, 0, 0),
(94, 7, 494, 323, 2, 0, 0),
(95, 30, 562, 268, 2, 0, 0),
(96, 772, 374, 289, 2, 0, 0),
(97, 667, 481, 368, 2, 0, 0),
(98, 646, 605, 309, 2, 0, 0),
(99, 390, 551, 392, 2, 0, 0),
(100, 140, 516, 265, 2, 0, 0),
(101, 403, 671, 308, 2, 0, 0),
(102, 343, 623, 395, 2, 0, 0),
(103, 724, 680, 337, 2, 0, 0),
(104, 97, 476, 447, 2, 0, 0),
(105, 649, 475, 339, 2, 0, 0),
(106, 612, 471, 362, 2, 0, 0),
(107, 591, 510, 261, 2, 0, 0),
(108, 353, 641, 305, 2, 0, 0),
(109, 550, 477, 250, 2, 0, 0),
(110, 770, 442, 284, 2, 0, 0),
(111, 781, 417, 316, 2, 0, 0),
(112, 715, 430, 341, 2, 0, 0),
(113, 570, 561, 312, 2, 0, 0),
(114, 261, 516, 390, 2, 0, 0),
(115, 659, 346, 404, 2, 0, 0),
(116, 156, 526, 444, 2, 0, 0),
(117, 344, 396, 368, 2, 0, 0),
(118, 661, 369, 485, 2, 0, 0),
(119, 269, 609, 274, 2, 0, 0),
(120, 235, 607, 547, 2, 0, 0),
(121, 296, 564, 229, 2, 0, 0),
(122, 35, 526, 348, 2, 0, 0),
(123, 750, 533, 290, 2, 0, 0),
(124, 530, 504, 222, 2, 0, 0),
(125, 712, 430, 393, 2, 0, 0),
(126, 491, 654, 221, 2, 0, 0),
(127, 736, 448, 275, 2, 0, 0),
(128, 33, 574, 295, 2, 0, 0),
(129, 376, 575, 413, 2, 0, 0),
(130, 187, 461, 466, 2, 0, 0),
(131, 505, 458, 291, 2, 0, 0),
(132, 666, 639, 269, 2, 0, 0),
(133, 75, 557, 378, 2, 0, 0),
(134, 179, 469, 327, 2, 0, 0),
(135, 480, 541, 353, 2, 0, 0),
(136, 554, 469, 318, 2, 0, 0),
(137, 498, 467, 259, 2, 0, 0),
(138, 518, 441, 463, 2, 0, 0),
(139, 341, 823, 344, 2, 0, 0),
(140, 769, 336, 283, 2, 0, 0),
(141, 351, 521, 475, 2, 0, 0),
(142, 318, 665, 321, 2, 0, 0),
(143, 43, 617, 403, 2, 0, 0),
(144, 567, 511, 312, 2, 0, 0),
(145, 520, 538, 519, 2, 0, 0),
(146, 696, 501, 347, 2, 0, 0),
(147, 266, 279, 278, 2, 0, 0),
(148, 65, 654, 358, 2, 0, 0),
(149, 639, 426, 403, 2, 0, 0),
(150, 461, 489, 370, 2, 0, 0),
(151, 786, 537, 366, 2, 0, 0),
(152, 212, 494, 491, 2, 0, 0),
(153, 587, 749, 143, 2, 0, 0),
(154, 382, 669, 380, 2, 0, 0),
(155, 440, 540, 423, 2, 0, 0),
(156, 473, 474, 195, 2, 0, 0),
(157, 562, 363, 319, 2, 0, 0),
(158, 416, 568, 346, 2, 0, 0),
(159, 119, 588, 420, 2, 0, 0),
(160, 388, 603, 308, 2, 0, 0),
(161, 780, 408, 278, 2, 0, 0),
(162, 171, 485, 332, 2, 0, 0),
(163, 448, 298, 336, 2, 0, 0),
(164, 111, 486, 407, 2, 0, 0),
(165, 668, 600, 276, 2, 0, 0),
(166, 478, 410, 240, 2, 0, 0),
(167, 434, 601, 289, 2, 0, 0),
(168, 433, 433, 450, 2, 0, 0),
(169, 705, 344, 157, 2, 0, 0),
(170, 138, 546, 223, 2, 0, 0),
(171, 287, 464, 519, 2, 0, 0),
(172, 259, 578, 322, 2, 0, 0),
(173, 514, 618, 391, 2, 0, 0),
(174, 513, 458, 183, 2, 0, 0),
(175, 197, 462, 281, 2, 0, 0),
(176, 753, 523, 358, 2, 0, 0),
(177, 437, 602, 286, 2, 0, 0),
(178, 352, 609, 454, 2, 0, 0),
(179, 70, 517, 241, 2, 0, 0),
(180, 241, 594, 462, 2, 0, 0),
(181, 184, 384, 357, 2, 0, 0),
(182, 167, 422, 516, 2, 0, 0),
(183, 329, 392, 331, 2, 0, 0),
(184, 312, 532, 410, 2, 0, 0),
(185, 497, 635, 301, 2, 0, 0),
(186, 248, 552, 482, 2, 0, 0),
(187, 301, 474, 353, 2, 0, 0),
(188, 602, 518, 475, 2, 0, 0),
(189, 516, 570, 330, 2, 0, 0),
(190, 355, 735, 282, 2, 0, 0),
(191, 581, 582, 326, 2, 0, 0),
(192, 721, 360, 323, 2, 0, 0),
(193, 533, 554, 290, 2, 0, 0),
(194, 682, 371, 339, 2, 0, 0),
(195, 41, 791, 238, 2, 0, 0),
(196, 415, 580, 378, 2, 0, 0),
(197, 710, 437, 438, 2, 0, 0),
(198, 317, 726, 280, 2, 0, 0),
(199, 385, 528, 252, 2, 0, 0),
(200, 195, 429, 324, 2, 0, 0),
(201, 278, 488, 351, 2, 0, 0),
(202, 740, 395, 407, 2, 0, 0),
(203, 214, 468, 408, 2, 0, 0),
(204, 213, 523, 425, 2, 0, 0),
(205, 577, 402, 104, 2, 0, 0),
(206, 620, 533, 453, 2, 0, 0),
(207, 409, 510, 438, 2, 0, 0),
(208, 152, 612, 309, 2, 0, 0),
(209, 703, 628, 456, 2, 0, 0),
(210, 424, 360, 407, 2, 0, 0),
(211, 260, 420, 315, 2, 0, 0),
(212, 168, 557, 403, 2, 0, 0),
(213, 330, 497, 377, 2, 0, 0),
(214, 637, 573, 390, 2, 0, 0),
(215, 6, 638, 271, 2, 0, 0),
(216, 303, 509, 388, 2, 0, 0),
(217, 730, 638, 295, 2, 0, 0),
(218, 54, 355, 424, 2, 0, 0),
(219, 425, 662, 464, 2, 0, 0),
(220, 5, 641, 268, 2, 0, 0),
(221, 526, 532, 328, 2, 0, 0),
(222, 732, 538, 338, 2, 0, 0),
(223, 36, 558, 242, 2, 0, 0),
(224, 568, 401, 325, 2, 0, 0),
(225, 479, 523, 235, 2, 0, 0),
(226, 731, 442, 294, 2, 0, 0),
(227, 643, 577, 255, 2, 0, 0),
(228, 603, 605, 405, 2, 0, 0),
(229, 399, 527, 351, 2, 0, 0),
(230, 471, 575, 398, 2, 0, 0),
(231, 14, 717, 293, 2, 0, 0),
(232, 528, 698, 423, 2, 0, 0),
(233, 411, 577, 262, 2, 0, 0),
(234, 642, 488, 354, 2, 0, 0),
(235, 180, 439, 380, 2, 0, 0),
(236, 609, 515, 294, 2, 0, 0),
(237, 527, 563, 316, 2, 0, 0),
(238, 605, 584, 294, 2, 0, 0),
(239, 442, 454, 400, 2, 0, 0),
(240, 542, 522, 402, 2, 0, 0),
(241, 187, 514, 360, 2, 0, 0),
(242, 187, 517, 364, 2, 0, 0),
(243, 187, 444, 476, 2, 0, 0),
(244, 187, 249, 258, 2, 0, 0),
(245, 187, 238, 434, 2, 0, 0),
(246, 187, 481, 257, 2, 0, 0),
(247, 187, 234, 425, 2, 0, 0),
(248, 187, 515, 352, 2, 0, 0),
(249, 187, 487, 447, 2, 1, 107.056),
(250, 187, 277, 226, 2, 1, 209.124),
(251, 187, 446, 233, 2, 1, 143.892),
(252, 187, 383, 506, 2, 1, 149.626),
(253, 187, 216, 341, 2, 1, 190.224),
(254, 187, 493, 277, 2, 1, 137.441),
(255, 187, 506, 402, 2, 1, 116.456),
(256, 187, 231, 279, 2, 1, 192.754),
(257, 187, 252, 446, 2, 1, 166.532),
(258, 187, 487, 274, 2, 1, 135.281),
(259, 187, 494, 436, 2, 1, 128.6),
(260, 187, 296, 226, 2, 1, 169.614),
(261, 187, 283, 475, 2, 1, 160.702),
(262, 187, 219, 380, 2, 1, 168.962),
(263, 187, 250, 443, 2, 1, 151.793),
(264, 187, 311, 487, 2, 1, 136.418),
(265, 187, 351, 497, 2, 1, 127.577),
(266, 187, 442, 481, 2, 1, 126.752),
(267, 187, 504, 297, 2, 1, 155.081),
(268, 187, 514, 388, 2, 1, 136.444),
(269, 187, 464, 249, 2, 1, 151.476),
(270, 187, 424, 228, 2, 1, 150.153),
(271, 187, 284, 231, 2, 1, 171.4),
(272, 187, 480, 268, 2, 1, 136.473),
(273, 414, 455, 289, 2, 0, 0),
(274, 87, 434, 352, 2, 0, 0),
(275, 81, 400, 380, 2, 0, 0),
(276, 147, 427, 379, 2, 0, 0),
(277, 17, 335, 381, 2, 0, 0),
(278, 670, 631, 370, 2, 0, 0),
(279, 282, 739, 301, 2, 0, 0),
(280, 692, 559, 254, 2, 0, 0),
(281, 141, 605, 293, 2, 0, 0),
(282, 360, 582, 329, 2, 0, 0),
(283, 130, 469, 382, 2, 0, 0),
(284, 488, 454, 405, 2, 0, 0),
(285, 78, 425, 318, 2, 0, 0),
(286, 678, 412, 329, 2, 0, 0),
(287, 641, 440, 305, 2, 0, 0),
(288, 669, 466, 314, 2, 0, 0),
(289, 77, 389, 269, 2, 0, 0),
(290, 506, 459, 302, 2, 0, 0),
(291, 348, 478, 483, 2, 0, 0),
(292, 192, 471, 380, 2, 0, 0),
(293, 529, 488, 195, 2, 0, 0),
(294, 663, 485, 404, 2, 0, 0),
(295, 571, 477, 455, 2, 0, 0),
(296, 517, 443, 231, 2, 0, 0),
(297, 517, 643, 301, 2, 0, 0),
(298, 517, 619, 360, 2, 0, 0),
(299, 517, 493, 364, 2, 0, 0),
(300, 517, 419, 275, 2, 0, 0),
(301, 517, 438, 186, 2, 0, 0),
(302, 517, 604, 201, 2, 0, 0),
(303, 517, 676, 259, 2, 0, 0),
(304, 517, 443, 328, 2, 0, 0),
(305, 517, 472, 365, 2, 1, 105.119),
(306, 517, 571, 394, 2, 1, 116.469),
(307, 517, 605, 369, 2, 1, 104.69),
(308, 517, 653, 312, 2, 1, 117.346),
(309, 517, 618, 335, 2, 1, 79.7057),
(310, 517, 646, 285, 2, 1, 98.27),
(311, 517, 628, 332, 2, 1, 77.2528),
(312, 517, 609, 360, 2, 1, 72.2496),
(313, 517, 521, 372, 2, 1, 76.2758),
(314, 517, 437, 346, 2, 1, 128.316),
(315, 517, 447, 276, 2, 1, 114.49),
(316, 517, 455, 339, 2, 1, 97.5295),
(317, 517, 586, 411, 2, 1, 105.309),
(318, 517, 657, 357, 2, 1, 116.709),
(319, 517, 672, 261, 2, 1, 134.618),
(320, 517, 646, 214, 2, 1, 136.781),
(321, 517, 637, 180, 2, 1, 153.681),
(322, 517, 652, 245, 2, 1, 109.041),
(323, 517, 659, 298, 2, 1, 93.3435),
(324, 492, 545, 171, 2, 0, 0),
(325, 604, 600, 322, 2, 0, 0),
(326, 522, 430, 407, 2, 0, 0),
(327, 560, 498, 368, 2, 0, 0),
(328, 223, 579, 353, 2, 0, 0),
(329, 499, 577, 302, 2, 0, 0),
(330, 761, 504, 325, 2, 0, 0),
(331, 761, 504, 385, 2, 0, 0),
(332, 761, 451, 419, 2, 0, 0),
(333, 761, 391, 459, 2, 0, 0),
(334, 761, 330, 409, 2, 0, 0),
(335, 761, 305, 343, 2, 0, 0),
(336, 761, 309, 277, 2, 0, 0),
(337, 761, 339, 263, 2, 0, 0),
(338, 761, 372, 242, 2, 0, 0),
(339, 761, 441, 250, 2, 1, 110.059),
(340, 761, 467, 280, 2, 1, 91.8314),
(341, 761, 498, 301, 2, 1, 101.833),
(342, 761, 511, 345, 2, 1, 103.247),
(343, 761, 494, 394, 2, 1, 99.4887),
(344, 761, 472, 429, 2, 1, 106.005),
(345, 761, 428, 452, 2, 1, 111.018),
(346, 761, 370, 446, 2, 1, 112.872),
(347, 761, 338, 428, 2, 1, 112.699),
(348, 761, 314, 386, 2, 1, 107.703),
(349, 761, 305, 343, 2, 1, 109.33),
(350, 761, 316, 310, 2, 1, 103.354),
(351, 761, 342, 267, 2, 1, 107.898),
(352, 761, 360, 256, 2, 1, 104),
(353, 761, 398, 246, 2, 1, 102),
(354, 761, 423, 251, 2, 1, 96.3016),
(355, 761, 455, 263, 2, 1, 95.2103),
(356, 761, 478, 285, 2, 1, 92.9139),
(357, 761, 504, 331, 2, 1, 100.08),
(358, 761, 462, 266, 2, 1, 87.6185),
(359, 761, 507, 335, 2, 1, 97.0206),
(360, 761, 507, 335, 2, 1, 94.0213),
(361, 321, 609, 290, 2, 0, 0),
(362, 279, 393, 155, 2, 0, 0),
(363, 279, 382, 192, 2, 0, 0),
(364, 279, 375, 232, 2, 0, 0),
(365, 279, 376, 272, 2, 0, 0),
(366, 279, 397, 326, 2, 0, 0),
(367, 279, 423, 347, 2, 0, 0),
(368, 279, 455, 351, 2, 0, 0),
(369, 279, 489, 342, 2, 0, 0),
(370, 279, 521, 322, 2, 0, 0),
(371, 279, 568, 297, 2, 1, 145.774),
(372, 279, 577, 265, 2, 1, 140.293),
(373, 279, 571, 217, 2, 1, 136.473),
(374, 279, 577, 175, 2, 1, 154.467),
(375, 279, 556, 143, 2, 1, 152.552),
(376, 279, 530, 120, 2, 1, 150.053),
(377, 279, 481, 112, 2, 1, 138.014),
(378, 279, 425, 116, 2, 1, 137.084),
(379, 279, 377, 140, 2, 1, 136.517),
(380, 279, 368, 186, 2, 1, 111.615),
(381, 279, 374, 233, 2, 1, 91.1976),
(382, 279, 375, 283, 2, 1, 102.626),
(383, 279, 400, 322, 2, 1, 108.227),
(384, 279, 475, 348, 2, 1, 115.918),
(385, 279, 516, 340, 2, 1, 117.992),
(386, 250, 551, 353, 2, 0, 0),
(387, 250, 515, 376, 2, 0, 0),
(388, 250, 506, 410, 2, 0, 0),
(389, 137, 356, 246, 2, 0, 0),
(390, 137, 352, 294, 2, 0, 0),
(391, 595, 624, 339, 2, 0, 0),
(392, 595, 588, 344, 2, 0, 0),
(393, 298, 578, 321, 2, 0, 0),
(394, 298, 561, 364, 2, 0, 0),
(395, 298, 556, 419, 2, 0, 0),
(396, 298, 568, 475, 2, 0, 0),
(397, 298, 656, 521, 2, 0, 0),
(398, 298, 742, 525, 2, 0, 0),
(399, 298, 804, 463, 2, 0, 0),
(400, 298, 805, 392, 2, 0, 0),
(401, 298, 801, 335, 2, 0, 0),
(402, 298, 770, 294, 2, 1, 161.012),
(403, 298, 691, 263, 2, 1, 148.165),
(404, 298, 612, 286, 2, 1, 132.853),
(405, 298, 567, 323, 2, 1, 129.495),
(406, 298, 549, 397, 2, 1, 121.807),
(407, 298, 564, 462, 2, 1, 124.471),
(408, 161, 558, 277, 2, 0, 0),
(409, 161, 569, 345, 2, 0, 0),
(410, 161, 535, 409, 2, 0, 0),
(411, 161, 490, 442, 2, 0, 0),
(412, 161, 392, 438, 2, 0, 0),
(413, 161, 339, 363, 2, 0, 0),
(414, 745, 371, 159, 2, 0, 0),
(415, 745, 346, 161, 2, 0, 0),
(416, 745, 328, 210, 2, 0, 0),
(417, 745, 334, 246, 2, 0, 0),
(418, 745, 349, 272, 2, 0, 0),
(419, 745, 361, 292, 2, 0, 0),
(420, 745, 375, 323, 2, 0, 0),
(421, 745, 397, 354, 2, 0, 0),
(422, 745, 402, 363, 2, 0, 0),
(423, 749, 231, 167, 2, 0, 0),
(424, 749, 334, 170, 2, 0, 0),
(425, 749, 406, 199, 2, 0, 0),
(426, 749, 411, 280, 2, 0, 0),
(427, 749, 406, 305, 2, 0, 0),
(428, 749, 400, 322, 2, 0, 0),
(429, 749, 396, 326, 2, 0, 0),
(430, 337, 698, 375, 2, 0, 0),
(431, 337, 744, 414, 2, 0, 0),
(432, 337, 744, 414, 2, 0, 0),
(433, 765, 426, 253, 2, 0, 0),
(434, 765, 497, 293, 2, 0, 0),
(435, 765, 501, 326, 2, 0, 0),
(436, 115, 485, 317, 2, 0, 0),
(437, 115, 529, 331, 2, 0, 0),
(438, 115, 546, 353, 2, 0, 0),
(439, 115, 551, 370, 2, 0, 0),
(440, 115, 551, 393, 2, 0, 0),
(441, 151, 596, 263, 2, 0, 0),
(442, 151, 532, 240, 2, 0, 0),
(443, 151, 475, 281, 2, 0, 0),
(444, 555, 493, 262, 2, 0, 0),
(445, 555, 518, 256, 2, 0, 0),
(446, 315, 337, 226, 2, 0, 0),
(447, 648, 518, 243, 2, 0, 0),
(448, 237, 424, 329, 2, 0, 0),
(449, 237, 486, 367, 2, 0, 0),
(450, 237, 500, 419, 2, 0, 0),
(451, 237, 494, 468, 2, 0, 0),
(452, 237, 484, 488, 2, 0, 0),
(453, 237, 456, 323, 2, 0, 0),
(454, 253, 471, 379, 2, 0, 0),
(455, 253, 513, 408, 2, 0, 0),
(456, 253, 548, 436, 2, 0, 0),
(457, 463, 321, 355, 2, 0, 0),
(458, 463, 430, 363, 2, 0, 0),
(459, 463, 470, 433, 2, 0, 0),
(460, 463, 459, 461, 2, 0, 0),
(461, 463, 409, 375, 2, 0, 0),
(462, 463, 326, 370, 2, 0, 0),
(463, 420, 672, 227, 2, 0, 0),
(464, 420, 598, 243, 2, 0, 0),
(465, 420, 582, 322, 2, 0, 0),
(466, 420, 618, 389, 2, 0, 0),
(467, 420, 765, 453, 2, 0, 0),
(468, 281, 566, 342, 2, 0, 0),
(469, 281, 618, 380, 2, 0, 0),
(470, 281, 643, 446, 2, 0, 0),
(471, 281, 641, 490, 2, 0, 0),
(472, 281, 632, 513, 2, 0, 0),
(473, 254, 658, 518, 2, 0, 0),
(474, 254, 690, 548, 2, 0, 0),
(475, 254, 699, 592, 2, 0, 0),
(476, 254, 666, 525, 2, 0, 0),
(477, 126, 637, 256, 2, 0, 0),
(478, 126, 658, 301, 2, 0, 0),
(479, 126, 659, 339, 2, 0, 0),
(480, 126, 584, 393, 2, 0, 0),
(481, 126, 550, 375, 2, 0, 0),
(482, 510, 557, 235, 2, 0, 0),
(483, 510, 624, 246, 2, 0, 0),
(484, 510, 657, 262, 2, 0, 0),
(485, 46, 502, 219, 2, 0, 0),
(486, 46, 531, 286, 2, 0, 0),
(487, 46, 538, 336, 2, 0, 0),
(488, 46, 517, 385, 2, 0, 0),
(489, 46, 468, 416, 2, 0, 0),
(490, 46, 385, 413, 2, 0, 0),
(491, 741, 598, 152, 2, 0, 0),
(492, 741, 611, 210, 2, 0, 0),
(493, 741, 613, 261, 2, 0, 0),
(494, 741, 594, 310, 2, 0, 0),
(495, 262, 429, 235, 2, 0, 0),
(496, 262, 464, 263, 2, 0, 0),
(497, 262, 494, 415, 2, 0, 0),
(498, 262, 270, 451, 2, 0, 0),
(499, 644, 506, 283, 2, 0, 0),
(500, 644, 557, 332, 2, 0, 0),
(501, 644, 546, 456, 2, 0, 0),
(502, 644, 336, 428, 2, 0, 0),
(503, 725, 436, 302, 2, 0, 0),
(504, 725, 491, 374, 2, 0, 0),
(505, 725, 401, 567, 2, 0, 0),
(506, 725, 208, 443, 2, 0, 0),
(507, 582, 451, 167, 2, 0, 0),
(508, 582, 537, 195, 2, 0, 0),
(509, 582, 558, 307, 2, 0, 0),
(510, 582, 349, 318, 2, 0, 0),
(511, 56, 747, 79, 2, 0, 0),
(512, 56, 262, 68, 2, 0, 0),
(513, 56, 116, 573, 2, 0, 0),
(514, 56, 763, 620, 2, 0, 0),
(515, 672, 551, 266, 2, 0, 0),
(516, 672, 299, 78, 2, 0, 0),
(517, 672, 148, 285, 2, 0, 0),
(518, 672, 196, 483, 2, 0, 0),
(519, 16, 647, 229, 2, 0, 0),
(520, 16, 634, 417, 2, 0, 0),
(521, 16, 521, 476, 2, 0, 0),
(522, 16, 238, 480, 2, 0, 0),
(523, 16, 169, 131, 2, 0, 0),
(524, 300, 577, 243, 2, 0, 0),
(525, 300, 348, 341, 2, 0, 0),
(526, 300, 469, 543, 2, 0, 0),
(527, 300, 667, 603, 2, 0, 0),
(528, 300, 742, 459, 2, 0, 0),
(529, 300, 631, 217, 2, 0, 0),
(530, 300, 475, 122, 2, 0, 0),
(531, 300, 408, 273, 2, 0, 0),
(532, 300, 723, 475, 2, 0, 0),
(533, 300, 613, 468, 2, 1, 116.726),
(534, 300, 588, 309, 2, 1, 68.9493),
(535, 300, 490, 299, 2, 1, 103.392),
(536, 300, 611, 505, 2, 1, 150.546),
(537, 300, 536, 515, 2, 1, 143.951),
(538, 300, 527, 391, 2, 1, 36.6742),
(539, 300, 737, 360, 2, 1, 178.62),
(540, 300, 616, 270, 2, 1, 121.631),
(541, 300, 557, 356, 2, 1, 26.2488),
(542, 300, 452, 401, 2, 1, 123.762),
(543, 300, 559, 532, 2, 1, 156.205),
(544, 300, 636, 513, 2, 1, 146.769),
(545, 300, 699, 495, 2, 1, 166.331),
(546, 300, 698, 416, 2, 1, 123.794),
(547, 300, 680, 368, 2, 1, 102.883),
(548, 300, 597, 320, 2, 1, 75.9539),
(549, 300, 567, 313, 2, 1, 81.0247),
(550, 300, 519, 342, 2, 1, 81.0247),
(551, 300, 467, 388, 2, 1, 115.004),
(552, 300, 504, 472, 2, 1, 112.699),
(553, 300, 529, 510, 2, 1, 128.876),
(554, 300, 564, 533, 2, 1, 139.359),
(555, 300, 619, 535, 2, 1, 144.201),
(556, 300, 665, 508, 2, 1, 138.293),
(557, 300, 700, 455, 2, 1, 131.472),
(558, 300, 695, 382, 2, 1, 116.709),
(559, 300, 646, 322, 2, 1, 104.623),
(560, 300, 584, 308, 2, 1, 96.0208),
(561, 300, 520, 319, 2, 1, 106.042),
(562, 300, 493, 345, 2, 1, 107.187),
(563, 300, 474, 419, 2, 1, 110.023),
(564, 300, 494, 477, 2, 1, 116.103),
(565, 300, 537, 509, 2, 1, 115.169),
(566, 300, 610, 529, 2, 1, 130.25),
(567, 300, 677, 506, 2, 1, 141.421),
(568, 300, 712, 413, 2, 1, 132.095),
(569, 300, 620, 325, 2, 1, 91.2853),
(570, 300, 426, 130, 2, 1, 318.399),
(571, 300, 325, 104, 2, 1, 391.451),
(572, 300, 109, 390, 2, 1, 466.027),
(573, 300, 768, 632, 2, 1, 312.815),
(574, 300, 972, 186, 2, 1, 455.827),
(575, 300, 657, 323, 2, 1, 107.629),
(576, 300, 598, 313, 2, 1, 83.1986),
(577, 300, 531, 318, 2, 1, 88.2043),
(578, 300, 495, 361, 2, 1, 88.2553),
(579, 300, 491, 425, 2, 1, 92.8493),
(580, 300, 486, 462, 2, 1, 113.851),
(581, 300, 509, 497, 2, 1, 123.491),
(582, 300, 541, 526, 2, 1, 135.591),
(583, 300, 574, 536, 2, 1, 140.014),
(584, 300, 629, 531, 2, 1, 144.7),
(585, 300, 658, 528, 2, 1, 152.82),
(586, 300, 687, 488, 2, 1, 141.4),
(587, 300, 698, 447, 2, 1, 129.356),
(588, 300, 699, 374, 2, 1, 124.908),
(589, 300, 671, 348, 2, 1, 106.85),
(590, 300, 593, 295, 2, 1, 108.665),
(591, 209, 596, 341, 3, 0, 0),
(592, 209, 579, 278, 3, 0, 0),
(593, 209, 545, 248, 3, 0, 0),
(594, 209, 498, 249, 3, 0, 0),
(595, 209, 480, 255, 3, 0, 0),
(596, 209, 452, 279, 3, 0, 0),
(597, 209, 451, 313, 3, 0, 0),
(598, 209, 458, 349, 3, 0, 0),
(599, 209, 484, 391, 3, 0, 0),
(600, 209, 516, 406, 3, 1, 106.569),
(601, 209, 567, 402, 3, 1, 109.554),
(602, 209, 595, 355, 3, 1, 91.3893),
(603, 209, 601, 296, 3, 1, 86.977),
(604, 209, 595, 260, 3, 1, 92.1954),
(605, 209, 540, 217, 3, 1, 99.5038),
(606, 209, 510, 208, 3, 1, 102.961),
(607, 209, 407, 234, 3, 1, 140.161),
(608, 209, 373, 307, 3, 1, 149.215),
(609, 209, 386, 393, 3, 1, 158.808),
(610, 209, 411, 448, 3, 1, 173.066),
(611, 209, 519, 464, 3, 1, 153.942),
(612, 209, 628, 398, 3, 1, 147.872),
(613, 209, 615, 311, 3, 1, 106.569),
(614, 209, 540, 247, 3, 1, 79.712),
(615, 209, 467, 276, 3, 1, 63.7024),
(616, 209, 459, 329, 3, 1, 55.3173),
(617, 209, 505, 372, 3, 1, 55.2268),
(618, 209, 583, 349, 3, 1, 78.924),
(619, 209, 535, 269, 3, 1, 56.4624),
(620, 209, 469, 295, 3, 1, 51),
(621, 209, 498, 371, 3, 1, 54.8179),
(622, 209, 553, 329, 3, 1, 41.9762),
(623, 209, 506, 296, 3, 1, 25),
(624, 209, 512, 343, 3, 1, 24.0208),
(625, 209, 569, 318, 3, 1, 56.0357),
(626, 209, 542, 253, 3, 1, 72.6154),
(627, 209, 463, 278, 3, 1, 65.6049),
(628, 209, 444, 339, 3, 1, 73.3757),
(629, 209, 485, 383, 3, 1, 70.3847),
(630, 209, 567, 360, 3, 1, 69.4046),
(631, 209, 600, 286, 3, 1, 93.4077),
(632, 209, 507, 236, 3, 1, 83.3847),
(633, 209, 435, 281, 3, 1, 87.7269),
(634, 209, 460, 357, 3, 1, 66.4003),
(635, 209, 531, 377, 3, 1, 63.2456),
(636, 209, 588, 264, 3, 1, 93.8136),
(637, 209, 483, 228, 3, 1, 95.1893),
(638, 209, 446, 307, 3, 1, 67.6018),
(639, 209, 584, 391, 3, 1, 103.966),
(640, 209, 624, 277, 3, 1, 117.987),
(641, 209, 522, 181, 3, 1, 135.181),
(642, 209, 390, 250, 3, 1, 140.431),
(643, 209, 437, 421, 3, 1, 132.88),
(644, 209, 631, 386, 3, 1, 139.086),
(645, 209, 608, 201, 3, 1, 148.529),
(646, 209, 435, 200, 3, 1, 139.27),
(647, 209, 331, 316, 3, 1, 183.044),
(648, 209, 502, 487, 3, 1, 175.231),
(649, 209, 676, 415, 3, 1, 192.938),
(650, 209, 666, 209, 3, 1, 186.703),
(651, 209, 452, 186, 3, 1, 144.003),
(652, 209, 395, 293, 3, 1, 121.655),
(653, 209, 540, 413, 3, 1, 104.547),
(654, 209, 636, 312, 3, 1, 123.016),
(655, 209, 539, 231, 3, 1, 86.4002),
(656, 209, 439, 321, 3, 1, 77.4145),
(657, 209, 546, 399, 3, 1, 91.4166),
(658, 209, 626, 313, 3, 1, 111.005),
(659, 209, 438, 304, 3, 1, 79.6304),
(660, 209, 464, 385, 3, 1, 88.0057),
(661, 209, 548, 359, 3, 1, 55),
(662, 209, 567, 279, 3, 1, 63.2456),
(663, 209, 445, 279, 3, 1, 79.6053),
(664, 209, 465, 394, 3, 1, 94.3398),
(665, 209, 561, 382, 3, 1, 81.0247),
(666, 209, 600, 301, 3, 1, 86.3134),
(667, 209, 499, 242, 3, 1, 75.9276),
(668, 209, 450, 303, 3, 1, 67.082),
(669, 209, 497, 385, 3, 1, 72.2772),
(670, 209, 575, 383, 3, 1, 89.9389),
(671, 209, 604, 288, 3, 1, 92.6553),
(672, 209, 529, 249, 3, 1, 68.0661),
(673, 209, 460, 304, 3, 1, 58.2495),
(674, 209, 490, 400, 3, 1, 88.8876),
(675, 209, 570, 386, 3, 1, 88.4081),
(676, 209, 596, 346, 3, 1, 85.0941),
(677, 209, 576, 275, 3, 1, 73.0069),
(678, 209, 519, 245, 3, 1, 72.0069),
(679, 209, 487, 259, 3, 1, 64.8845),
(680, 209, 453, 285, 3, 1, 72.0139),
(681, 209, 449, 311, 3, 1, 68.1175),
(682, 209, 446, 343, 3, 1, 75.3923),
(683, 209, 449, 360, 3, 1, 79.3221),
(684, 209, 474, 396, 3, 1, 89.8944),
(685, 209, 479, 400, 3, 1, 90.0777),
(686, 209, 507, 406, 3, 1, 88.278),
(687, 209, 530, 405, 3, 1, 87.4757),
(688, 209, 562, 395, 3, 1, 89.0449),
(689, 209, 570, 385, 3, 1, 85.1469),
(690, 209, 584, 368, 3, 1, 83.4865),
(691, 209, 591, 355, 3, 1, 82.3468),
(692, 209, 598, 323, 3, 1, 82.0061),
(693, 209, 593, 299, 3, 1, 79.404),
(694, 209, 585, 275, 3, 1, 81.8413),
(695, 209, 569, 261, 3, 1, 78.1025),
(696, 209, 528, 251, 3, 1, 70.5762),
(697, 209, 491, 252, 3, 1, 73.5391),
(698, 236, 521, 187, 3, 0, 0),
(699, 236, 498, 159, 3, 0, 0),
(700, 236, 456, 140, 3, 0, 0),
(701, 236, 398, 134, 3, 0, 0),
(702, 236, 342, 143, 3, 0, 0),
(703, 236, 329, 171, 3, 0, 0),
(704, 236, 317, 210, 3, 0, 0),
(705, 236, 309, 222, 3, 0, 0),
(706, 236, 299, 250, 3, 0, 0),
(707, 236, 299, 280, 3, 1, 131.894),
(708, 236, 304, 317, 3, 1, 146.485),
(709, 236, 316, 338, 3, 1, 147.258),
(710, 236, 334, 361, 3, 1, 151.42),
(711, 236, 368, 379, 3, 1, 155.081),
(712, 236, 404, 391, 3, 1, 161.047),
(713, 236, 438, 394, 3, 1, 165.484),
(714, 236, 464, 385, 3, 1, 159.841),
(715, 236, 490, 361, 3, 1, 150.987),
(716, 236, 510, 340, 3, 1, 145.99),
(717, 236, 533, 311, 3, 1, 149.188),
(718, 236, 547, 273, 3, 1, 151.003),
(719, 236, 547, 237, 3, 1, 147.709),
(720, 236, 539, 205, 3, 1, 145.362),
(721, 236, 525, 174, 3, 1, 144.589),
(722, 236, 471, 149, 3, 1, 126.716),
(723, 236, 426, 136, 3, 1, 124.064),
(724, 236, 398, 134, 3, 1, 124.338),
(725, 236, 362, 145, 3, 1, 121.803),
(726, 236, 329, 170, 3, 1, 118.444),
(727, 236, 319, 191, 3, 1, 111.018),
(728, 236, 300, 232, 3, 1, 113.534),
(729, 236, 296, 246, 3, 1, 113.04),
(730, 236, 290, 266, 3, 1, 118.258),
(731, 236, 293, 303, 3, 1, 124.423),
(732, 236, 302, 326, 3, 1, 126.372),
(733, 236, 333, 363, 3, 1, 132.004),
(734, 236, 351, 374, 3, 1, 130.633),
(735, 236, 386, 386, 3, 1, 132.185),
(736, 236, 429, 393, 3, 1, 140.684),
(737, 236, 469, 387, 3, 1, 146.632),
(738, 236, 495, 358, 3, 1, 136.517),
(739, 236, 528, 318, 3, 1, 140.014),
(740, 236, 542, 272, 3, 1, 140.057),
(741, 236, 542, 225, 3, 1, 143.59),
(742, 236, 527, 173, 3, 1, 151.648),
(743, 236, 457, 131, 3, 1, 141.676),
(744, 236, 419, 264, 3, 1, 7.28011),
(745, 236, 367, 320, 3, 1, 73.4098),
(746, 236, 480, 325, 3, 1, 92.7631),
(747, 236, 464, 210, 3, 1, 74.9667),
(748, 236, 697, 196, 3, 1, 291.796),
(749, 236, 737, 253, 3, 1, 318.127),
(750, 236, 532, 375, 3, 1, 155.621),
(751, 236, 358, 395, 3, 1, 148.061),
(752, 236, 181, 177, 3, 1, 260.665),
(753, 236, 286, 72, 3, 1, 235.529),
(754, 236, 583, 99, 3, 1, 230.521),
(755, 236, 596, 263, 3, 1, 174.072),
(756, 236, 426, 418, 3, 1, 160.003),
(757, 236, 190, 265, 3, 1, 235.034),
(758, 236, 273, 148, 3, 1, 186.207),
(759, 236, 449, 110, 3, 1, 152.191),
(760, 236, 648, 201, 3, 1, 235.748),
(761, 236, 600, 453, 3, 1, 264.836),
(762, 236, 286, 449, 3, 1, 235.417),
(763, 236, 132, 230, 3, 1, 292.754),
(764, 236, 393, 52, 3, 1, 211.603),
(765, 236, 686, 172, 3, 1, 281.46),
(766, 236, 633, 404, 3, 1, 257.158),
(767, 716, 632, 307, 3, 0, 0),
(768, 716, 610, 324, 3, 0, 0),
(769, 716, 530, 322, 3, 0, 0),
(770, 716, 493, 316, 3, 0, 0),
(771, 716, 464, 253, 3, 0, 0),
(772, 716, 459, 193, 3, 0, 0),
(773, 716, 489, 154, 3, 0, 0),
(774, 716, 524, 133, 3, 0, 0),
(775, 716, 601, 132, 3, 0, 0),
(776, 716, 626, 141, 3, 1, 132.966),
(777, 716, 658, 165, 3, 1, 131.126),
(778, 716, 667, 205, 3, 1, 115.261),
(779, 716, 669, 233, 3, 1, 106.794),
(780, 716, 669, 260, 3, 1, 105.475),
(781, 716, 653, 304, 3, 1, 109.659),
(782, 716, 623, 319, 3, 1, 98.4886),
(783, 716, 591, 333, 3, 1, 98.1835),
(784, 716, 565, 328, 3, 1, 89.4986),
(785, 716, 521, 321, 3, 1, 98.5951),
(786, 716, 484, 298, 3, 1, 108.227),
(787, 716, 460, 246, 3, 1, 116.155),
(788, 716, 460, 214, 3, 1, 117.324),
(789, 716, 476, 172, 3, 1, 119.097),
(790, 716, 493, 151, 3, 1, 118.224),
(791, 716, 515, 136, 3, 1, 115.694),
(792, 716, 551, 129, 3, 1, 109.165),
(793, 716, 610, 131, 3, 1, 115.836),
(794, 716, 646, 143, 3, 1, 123.037),
(795, 716, 659, 169, 3, 1, 113.018),
(796, 716, 678, 206, 3, 1, 114.586),
(797, 716, 681, 248, 3, 1, 114.337),
(798, 716, 667, 282, 3, 1, 109.932),
(799, 716, 648, 310, 3, 1, 109.877),
(800, 716, 607, 324, 3, 1, 98.3717),
(801, 716, 577, 331, 3, 1, 99.0202),
(802, 716, 531, 331, 3, 1, 107.331),
(803, 716, 500, 321, 3, 1, 113.217),
(804, 716, 472, 277, 3, 1, 109.444),
(805, 716, 461, 236, 3, 1, 112.112),
(806, 716, 461, 187, 3, 1, 121.643),
(807, 716, 475, 164, 3, 1, 119.331),
(808, 716, 501, 147, 3, 1, 111.252),
(809, 716, 542, 127, 3, 1, 111.005),
(810, 716, 730, 140, 3, 1, 191.149),
(811, 716, 751, 189, 3, 1, 188.733),
(812, 716, 668, 354, 3, 1, 157.433),
(813, 716, 414, 256, 3, 1, 160.655),
(814, 716, 443, 86, 3, 1, 193.61),
(815, 716, 747, 122, 3, 1, 209.914),
(816, 716, 742, 383, 3, 1, 231.536),
(817, 716, 486, 491, 3, 1, 274.489),
(818, 716, 246, 250, 3, 1, 326.3),
(819, 716, 439, 120, 3, 1, 172.003),
(820, 716, 792, 227, 3, 1, 229.107),
(821, 716, 625, 597, 3, 1, 367.448),
(822, 716, 167, 329, 3, 1, 411.519),
(823, 716, 490, 113, 3, 1, 147.733),
(824, 716, 667, 167, 3, 1, 129.53);

-- --------------------------------------------------------

--
-- Stand-in structure for view `clicks_per_photo`
-- (See below for the actual view)
--
CREATE TABLE `clicks_per_photo` (
`id_photo` int(11)
,`n_clicks` bigint(21)
);

-- --------------------------------------------------------

--
-- Stand-in structure for view `clicks_per_player`
-- (See below for the actual view)
--
CREATE TABLE `clicks_per_player` (
`id` int(11)
,`username` text
,`status` text
,`id_player` int(11)
);

-- --------------------------------------------------------

--
-- Table structure for table `images`
--

CREATE TABLE `images` (
  `id` int(11) NOT NULL,
  `filename` varchar(255) NOT NULL
) ENGINE=InnoDB DEFAULT CHARSET=latin1;

--
-- Dumping data for table `images`
--

INSERT INTO `images` (`id`, `filename`) VALUES
(1, 'Img_001_L_1.jpg'),
(2, 'Img_001_L_2.jpg'),
(3, 'Img_001_L_3.jpg'),
(4, 'Img_001_L_4.jpg'),
(5, 'Img_001_L_5.jpg'),
(6, 'Img_001_R_1.jpg'),
(7, 'Img_001_R_2.jpg'),
(8, 'Img_001_R_3.jpg'),
(9, 'Img_001_R_4.jpg'),
(10, 'Img_001_R_5.jpg'),
(11, 'Img_002_L_2.jpg'),
(12, 'Img_002_L_3.jpg'),
(13, 'Img_002_L_4.jpg'),
(14, 'Img_002_L_5.jpg'),
(15, 'Img_002_R_1.jpg'),
(16, 'Img_002_R_2.jpg'),
(17, 'Img_002_R_3.jpg'),
(18, 'Img_002_R_4.jpg'),
(19, 'Img_002_R_5.jpg'),
(20, 'Img_002_R_6.jpg'),
(21, 'Img_003_L_1.jpg'),
(22, 'Img_003_L_2.jpg'),
(23, 'Img_003_L_3.jpg'),
(24, 'Img_003_L_4.jpg'),
(25, 'Img_003_L_5.jpg'),
(26, 'Img_003_R_1.jpg'),
(27, 'Img_003_R_2.jpg'),
(28, 'Img_003_R_3.jpg'),
(29, 'Img_003_R_4.jpg'),
(30, 'Img_003_R_5.jpg'),
(31, 'Img_004_L_1.jpg'),
(32, 'Img_004_L_2.jpg'),
(33, 'Img_004_L_3.jpg'),
(34, 'Img_004_L_4.jpg'),
(35, 'Img_004_L_5.jpg'),
(36, 'Img_004_R_1.jpg'),
(37, 'Img_004_R_2.jpg'),
(38, 'Img_004_R_3.jpg'),
(39, 'Img_004_R_4.jpg'),
(40, 'Img_004_R_5.jpg'),
(41, 'Img_005_L_1.jpg'),
(42, 'Img_005_L_2.jpg'),
(43, 'Img_005_L_3.jpg'),
(44, 'Img_005_L_4.jpg'),
(45, 'Img_005_L_5.jpg'),
(46, 'Img_005_R_1.jpg'),
(47, 'Img_005_R_2.jpg'),
(48, 'Img_005_R_3.jpg'),
(49, 'Img_005_R_4.jpg'),
(50, 'Img_005_R_5.jpg'),
(51, 'Img_006_L_1.jpg'),
(52, 'Img_006_L_2.jpg'),
(53, 'Img_006_L_3.jpg'),
(54, 'Img_006_L_4.jpg'),
(55, 'Img_006_L_5.jpg'),
(56, 'Img_006_L_6.jpg'),
(57, 'Img_006_R_1.jpg'),
(58, 'Img_006_R_3.jpg'),
(59, 'Img_006_R_4.jpg'),
(60, 'Img_006_R_5.jpg'),
(61, 'Img_007_L_1.jpg'),
(62, 'Img_007_L_2.jpg'),
(63, 'Img_007_L_3.jpg'),
(64, 'Img_007_L_4.jpg'),
(65, 'Img_007_L_5.jpg'),
(66, 'Img_007_R_1.jpg'),
(67, 'Img_007_R_2.jpg'),
(68, 'Img_007_R_3.jpg'),
(69, 'Img_007_R_4.jpg'),
(70, 'Img_007_R_5.jpg'),
(71, 'Img_008_L_1.jpg'),
(72, 'Img_008_L_2.jpg'),
(73, 'Img_008_L_3.jpg'),
(74, 'Img_008_L_4.jpg'),
(75, 'Img_008_R_1.jpg'),
(76, 'Img_008_R_2.jpg'),
(77, 'Img_008_R_3.jpg'),
(78, 'Img_008_R_4.jpg'),
(79, 'Img_008_R_5.jpg'),
(80, 'Img_008_R_6.jpg'),
(81, 'Img_009_L_1.jpg'),
(82, 'Img_009_L_2.jpg'),
(83, 'Img_009_L_3.jpg'),
(84, 'Img_009_L_4.jpg'),
(85, 'Img_009_L_5.jpg'),
(86, 'Img_009_R_1.jpg'),
(87, 'Img_009_R_2.jpg'),
(88, 'Img_009_R_3.jpg'),
(89, 'Img_009_R_4.jpg'),
(90, 'Img_009_R_5.jpg'),
(91, 'Img_010_L_1.jpg'),
(92, 'Img_010_L_2.jpg'),
(93, 'Img_010_L_3.jpg'),
(94, 'Img_010_L_4.jpg'),
(95, 'Img_010_L_5.jpg'),
(96, 'Img_010_R_1.jpg'),
(97, 'Img_010_R_2.jpg'),
(98, 'Img_010_R_3.jpg'),
(99, 'Img_010_R_4.jpg'),
(100, 'Img_010_R_5.jpg'),
(101, 'Img_011_L_1.jpg'),
(102, 'Img_011_L_2.jpg'),
(103, 'Img_011_L_3.jpg'),
(104, 'Img_011_L_4.jpg'),
(105, 'Img_011_L_5.jpg'),
(106, 'Img_011_R_1.jpg'),
(107, 'Img_011_R_2.jpg'),
(108, 'Img_011_R_3.jpg'),
(109, 'Img_011_R_4.jpg'),
(110, 'Img_011_R_5.jpg'),
(111, 'Img_012_L_1.jpg'),
(112, 'Img_012_L_2.jpg'),
(113, 'Img_012_L_3.jpg'),
(114, 'Img_012_L_4.jpg'),
(115, 'Img_012_L_5.jpg'),
(116, 'Img_012_R_1.jpg'),
(117, 'Img_012_R_2.jpg'),
(118, 'Img_012_R_3.jpg'),
(119, 'Img_012_R_4.jpg'),
(120, 'Img_012_R_5.jpg'),
(121, 'Img_013_L_1.jpg'),
(122, 'Img_013_L_2.jpg'),
(123, 'Img_013_L_3.jpg'),
(124, 'Img_013_L_4.jpg'),
(125, 'Img_013_L_5.jpg'),
(126, 'Img_013_R_1.jpg'),
(127, 'Img_013_R_2.jpg'),
(128, 'Img_013_R_3.jpg'),
(129, 'Img_013_R_4.jpg'),
(130, 'Img_013_R_5.jpg'),
(131, 'Img_014_L_1.jpg'),
(132, 'Img_014_L_2.jpg'),
(133, 'Img_014_L_3.jpg'),
(134, 'Img_014_L_4.jpg'),
(135, 'Img_014_L_5.jpg'),
(136, 'Img_014_R_1.jpg'),
(137, 'Img_014_R_2.jpg'),
(138, 'Img_014_R_3.jpg'),
(139, 'Img_014_R_4.jpg'),
(140, 'Img_014_R_5.jpg'),
(141, 'Img_015_L_1.jpg'),
(142, 'Img_015_L_2.jpg'),
(143, 'Img_015_L_3.jpg'),
(144, 'Img_015_L_4.jpg'),
(145, 'Img_015_L_5.jpg'),
(146, 'Img_015_R_1.jpg'),
(147, 'Img_015_R_2.jpg'),
(148, 'Img_015_R_3.jpg'),
(149, 'Img_015_R_4.jpg'),
(150, 'Img_015_R_5.jpg'),
(151, 'Img_016_L_1.jpg'),
(152, 'Img_016_L_2.jpg'),
(153, 'Img_016_L_3.jpg'),
(154, 'Img_016_L_4.jpg'),
(155, 'Img_016_L_5.jpg'),
(156, 'Img_016_R_1.jpg'),
(157, 'Img_016_R_2.jpg'),
(158, 'Img_016_R_3.jpg'),
(159, 'Img_016_R_4.jpg'),
(160, 'Img_016_R_5.jpg'),
(161, 'Img_017_L_1.jpg'),
(162, 'Img_017_L_2.jpg'),
(163, 'Img_017_L_3.jpg'),
(164, 'Img_017_L_4.jpg'),
(165, 'Img_017_L_5.jpg'),
(166, 'Img_017_R_1.jpg'),
(167, 'Img_017_R_2.jpg'),
(168, 'Img_017_R_3.jpg'),
(169, 'Img_017_R_4.jpg'),
(170, 'Img_017_R_5.jpg'),
(171, 'Img_018_L_1.jpg'),
(172, 'Img_018_L_2.jpg'),
(173, 'Img_018_L_3.jpg'),
(174, 'Img_018_L_4.jpg'),
(175, 'Img_018_L_5.jpg'),
(176, 'Img_018_R_1.jpg'),
(177, 'Img_018_R_2.jpg'),
(178, 'Img_018_R_3.jpg'),
(179, 'Img_018_R_4.jpg'),
(180, 'Img_018_R_5.jpg'),
(181, 'Img_019_L_1.jpg'),
(182, 'Img_019_L_2.jpg'),
(183, 'Img_019_L_3.jpg'),
(184, 'Img_019_L_4.jpg'),
(185, 'Img_019_L_5.jpg'),
(186, 'Img_019_R_1.jpg'),
(187, 'Img_019_R_2.jpg'),
(188, 'Img_019_R_3.jpg'),
(189, 'Img_019_R_4.jpg'),
(190, 'Img_019_R_5.jpg'),
(191, 'Img_020_L_1.jpg'),
(192, 'Img_020_L_2.jpg'),
(193, 'Img_020_L_3.jpg'),
(194, 'Img_020_L_4.jpg'),
(195, 'Img_020_L_5.jpg'),
(196, 'Img_020_R_1.jpg'),
(197, 'Img_020_R_2.jpg'),
(198, 'Img_020_R_3.jpg'),
(199, 'Img_020_R_4.jpg'),
(200, 'Img_020_R_5.jpg'),
(201, 'Img_021_L_1.jpg'),
(202, 'Img_021_L_2.jpg'),
(203, 'Img_021_L_3.jpg'),
(204, 'Img_021_L_4.jpg'),
(205, 'Img_021_L_5.jpg'),
(206, 'Img_021_R_1.jpg'),
(207, 'Img_021_R_2.jpg'),
(208, 'Img_021_R_3.jpg'),
(209, 'Img_021_R_4.jpg'),
(210, 'Img_021_R_5.jpg'),
(211, 'Img_022_L_1.jpg'),
(212, 'Img_022_L_2.jpg'),
(213, 'Img_022_L_3.jpg'),
(214, 'Img_022_L_4.jpg'),
(215, 'Img_022_L_5.jpg'),
(216, 'Img_022_R_1.jpg'),
(217, 'Img_022_R_2.jpg'),
(218, 'Img_022_R_3.jpg'),
(219, 'Img_022_R_4.jpg'),
(220, 'Img_022_R_5.jpg'),
(221, 'Img_023_L_1.jpg'),
(222, 'Img_023_L_2.jpg'),
(223, 'Img_023_L_3.jpg'),
(224, 'Img_023_L_4.jpg'),
(225, 'Img_023_L_5.jpg'),
(226, 'Img_023_R_1.jpg'),
(227, 'Img_023_R_2.jpg'),
(228, 'Img_023_R_3.jpg'),
(229, 'Img_023_R_4.jpg'),
(230, 'Img_023_R_5.jpg'),
(231, 'Img_024_L_1.jpg'),
(232, 'Img_024_L_2.jpg'),
(233, 'Img_024_L_3.jpg'),
(234, 'Img_024_L_4.jpg'),
(235, 'Img_024_L_5.jpg'),
(236, 'Img_024_R_1.jpg'),
(237, 'Img_024_R_2.jpg'),
(238, 'Img_024_R_3.jpg'),
(239, 'Img_024_R_4.jpg'),
(240, 'Img_024_R_5.jpg'),
(241, 'Img_025_L_1.jpg'),
(242, 'Img_025_L_2.jpg'),
(243, 'Img_025_L_3.jpg'),
(244, 'Img_025_L_4.jpg'),
(245, 'Img_025_L_5.jpg'),
(246, 'Img_025_R_1.jpg'),
(247, 'Img_025_R_2.jpg'),
(248, 'Img_025_R_3.jpg'),
(249, 'Img_025_R_4.jpg'),
(250, 'Img_026_L_1.jpg'),
(251, 'Img_026_L_2.jpg'),
(252, 'Img_026_L_3.jpg'),
(253, 'Img_026_L_4.jpg'),
(254, 'Img_026_L_5.jpg'),
(255, 'Img_026_R_1.jpg'),
(256, 'Img_026_R_2.jpg'),
(257, 'Img_026_R_3.jpg'),
(258, 'Img_026_R_4.jpg'),
(259, 'Img_026_R_5.jpg'),
(260, 'Img_027_L_1.jpg'),
(261, 'Img_027_L_2.jpg'),
(262, 'Img_027_L_3.jpg'),
(263, 'Img_027_L_4.jpg'),
(264, 'Img_027_L_5.jpg'),
(265, 'Img_027_R_1.jpg'),
(266, 'Img_027_R_2.jpg'),
(267, 'Img_027_R_3.jpg'),
(268, 'Img_027_R_4.jpg'),
(269, 'Img_027_R_5.jpg'),
(270, 'Img_028_L_1.jpg'),
(271, 'Img_028_L_2.jpg'),
(272, 'Img_028_L_3.jpg'),
(273, 'Img_028_L_4.jpg'),
(274, 'Img_028_L_5.jpg'),
(275, 'Img_028_R_1.jpg'),
(276, 'Img_028_R_2.jpg'),
(277, 'Img_028_R_4.jpg'),
(278, 'Img_028_R_5.jpg'),
(279, 'Img_029_L_1.jpg'),
(280, 'Img_029_L_2.jpg'),
(281, 'Img_029_L_3.jpg'),
(282, 'Img_029_L_4.jpg'),
(283, 'Img_029_L_5.jpg'),
(284, 'Img_029_R_1.jpg'),
(285, 'Img_029_R_2.jpg'),
(286, 'Img_029_R_3.jpg'),
(287, 'Img_029_R_4.jpg'),
(288, 'Img_029_R_5.jpg'),
(289, 'Img_030_L_1.jpg'),
(290, 'Img_030_L_2.jpg'),
(291, 'Img_030_L_3.jpg'),
(292, 'Img_030_L_4.jpg'),
(293, 'Img_030_L_5.jpg'),
(294, 'Img_030_R_1.jpg'),
(295, 'Img_030_R_2.jpg'),
(296, 'Img_030_R_3.jpg'),
(297, 'Img_030_R_4.jpg'),
(298, 'Img_030_R_5.jpg'),
(299, 'Img_031_L_1.jpg'),
(300, 'Img_031_L_2.jpg'),
(301, 'Img_031_L_3.jpg'),
(302, 'Img_031_L_4.jpg'),
(303, 'Img_031_L_5.jpg'),
(304, 'Img_031_R_1.jpg'),
(305, 'Img_031_R_2.jpg'),
(306, 'Img_031_R_3.jpg'),
(307, 'Img_031_R_4.jpg'),
(308, 'Img_031_R_5.jpg'),
(309, 'Img_032_L_1.jpg'),
(310, 'Img_032_L_2.jpg'),
(311, 'Img_032_L_3.jpg'),
(312, 'Img_032_L_4.jpg'),
(313, 'Img_032_L_5.jpg'),
(314, 'Img_032_R_1.jpg'),
(315, 'Img_032_R_2.jpg'),
(316, 'Img_032_R_3.jpg'),
(317, 'Img_032_R_4.jpg'),
(318, 'Img_032_R_5.jpg'),
(319, 'Img_033_L_1.jpg'),
(320, 'Img_033_L_2.jpg'),
(321, 'Img_033_L_3.jpg'),
(322, 'Img_033_L_4.jpg'),
(323, 'Img_033_L_5.jpg'),
(324, 'Img_033_R_1.jpg'),
(325, 'Img_033_R_2.jpg'),
(326, 'Img_033_R_3.jpg'),
(327, 'Img_033_R_4.jpg'),
(328, 'Img_033_R_5.jpg'),
(329, 'Img_034_L_1.jpg'),
(330, 'Img_034_L_2.jpg'),
(331, 'Img_034_L_3.jpg'),
(332, 'Img_034_L_4.jpg'),
(333, 'Img_034_L_5.jpg'),
(334, 'Img_034_R_1.jpg'),
(335, 'Img_034_R_2.jpg'),
(336, 'Img_034_R_3.jpg'),
(337, 'Img_034_R_4.jpg'),
(338, 'Img_034_R_5.jpg'),
(339, 'Img_035_L_1.jpg'),
(340, 'Img_035_L_2.jpg'),
(341, 'Img_035_L_3.jpg'),
(342, 'Img_035_L_4.jpg'),
(343, 'Img_035_L_5.jpg'),
(344, 'Img_035_R_1.jpg'),
(345, 'Img_035_R_2.jpg'),
(346, 'Img_035_R_3.jpg'),
(347, 'Img_035_R_4.jpg'),
(348, 'Img_036_L_1.jpg'),
(349, 'Img_036_L_2.jpg'),
(350, 'Img_036_L_3.jpg'),
(351, 'Img_036_L_4.jpg'),
(352, 'Img_036_L_5.jpg'),
(353, 'Img_036_R_1.jpg'),
(354, 'Img_036_R_2.jpg'),
(355, 'Img_036_R_3.jpg'),
(356, 'Img_036_R_4.jpg'),
(357, 'Img_036_R_5.jpg'),
(358, 'Img_037_L_1.jpg'),
(359, 'Img_037_L_2.jpg'),
(360, 'Img_037_L_3.jpg'),
(361, 'Img_037_L_4.jpg'),
(362, 'Img_037_L_5.jpg'),
(363, 'Img_037_R_1.jpg'),
(364, 'Img_037_R_2.jpg'),
(365, 'Img_037_R_3.jpg'),
(366, 'Img_037_R_4.jpg'),
(367, 'Img_037_R_5.jpg'),
(368, 'Img_038_L_1.jpg'),
(369, 'Img_038_L_2.jpg'),
(370, 'Img_038_L_3.jpg'),
(371, 'Img_038_L_4.jpg'),
(372, 'Img_038_L_5.jpg'),
(373, 'Img_038_R_1.jpg'),
(374, 'Img_038_R_2.jpg'),
(375, 'Img_038_R_3.jpg'),
(376, 'Img_038_R_4.jpg'),
(377, 'Img_038_R_5.jpg'),
(378, 'Img_039_L_1.jpg'),
(379, 'Img_039_L_2.jpg'),
(380, 'Img_039_L_3.jpg'),
(381, 'Img_039_L_4.jpg'),
(382, 'Img_039_L_5.jpg'),
(383, 'Img_039_R_1.jpg'),
(384, 'Img_039_R_2.jpg'),
(385, 'Img_039_R_3.jpg'),
(386, 'Img_039_R_4.jpg'),
(387, 'Img_039_R_5.jpg'),
(388, 'Img_040_L_1.jpg'),
(389, 'Img_040_L_2.jpg'),
(390, 'Img_040_L_3.jpg'),
(391, 'Img_040_L_4.jpg'),
(392, 'Img_040_L_5.jpg'),
(393, 'Img_040_R_1.jpg'),
(394, 'Img_040_R_2.jpg'),
(395, 'Img_040_R_3.jpg'),
(396, 'Img_040_R_4.jpg'),
(397, 'Img_040_R_5.jpg'),
(398, 'Img_041_L_1.jpg'),
(399, 'Img_041_L_2.jpg'),
(400, 'Img_041_L_3.jpg'),
(401, 'Img_041_L_4.jpg'),
(402, 'Img_041_L_5.jpg'),
(403, 'Img_041_R_1.jpg'),
(404, 'Img_041_R_2.jpg'),
(405, 'Img_041_R_3.jpg'),
(406, 'Img_041_R_4.jpg'),
(407, 'Img_041_R_5.jpg'),
(408, 'Img_042_L_1.jpg'),
(409, 'Img_042_L_2.jpg'),
(410, 'Img_042_L_3.jpg'),
(411, 'Img_042_L_4.jpg'),
(412, 'Img_042_L_5.jpg'),
(413, 'Img_042_R_1.jpg'),
(414, 'Img_042_R_2.jpg'),
(415, 'Img_042_R_3.jpg'),
(416, 'Img_042_R_4.jpg'),
(417, 'Img_042_R_5.jpg'),
(418, 'Img_043_L_1.jpg'),
(419, 'Img_043_L_2.jpg'),
(420, 'Img_043_L_3.jpg'),
(421, 'Img_043_L_4.jpg'),
(422, 'Img_043_L_5.jpg'),
(423, 'Img_043_R_1.jpg'),
(424, 'Img_043_R_2.jpg'),
(425, 'Img_043_R_3.jpg'),
(426, 'Img_043_R_4.jpg'),
(427, 'Img_043_R_5.jpg'),
(428, 'Img_044_L_1.jpg'),
(429, 'Img_044_L_2.jpg'),
(430, 'Img_044_L_3.jpg'),
(431, 'Img_044_L_4.jpg'),
(432, 'Img_044_L_5.jpg'),
(433, 'Img_044_R_1.jpg'),
(434, 'Img_044_R_2.jpg'),
(435, 'Img_044_R_3.jpg'),
(436, 'Img_044_R_4.jpg'),
(437, 'Img_045_L_1.jpg'),
(438, 'Img_045_L_2.jpg'),
(439, 'Img_045_L_3.jpg'),
(440, 'Img_045_L_4.jpg'),
(441, 'Img_045_L_5.jpg'),
(442, 'Img_045_R_1.jpg'),
(443, 'Img_045_R_2.jpg'),
(444, 'Img_045_R_3.jpg'),
(445, 'Img_045_R_4.jpg'),
(446, 'Img_045_R_5.jpg'),
(447, 'Img_046_L_1.jpg'),
(448, 'Img_046_L_2.jpg'),
(449, 'Img_046_L_3.jpg'),
(450, 'Img_046_L_4.jpg'),
(451, 'Img_046_L_5.jpg'),
(452, 'Img_046_R_1.jpg'),
(453, 'Img_046_R_2.jpg'),
(454, 'Img_046_R_3.jpg'),
(455, 'Img_046_R_4.jpg'),
(456, 'Img_046_R_5.jpg'),
(457, 'Img_047_L_1.jpg'),
(458, 'Img_047_L_2.jpg'),
(459, 'Img_047_L_3.jpg'),
(460, 'Img_047_L_4.jpg'),
(461, 'Img_047_L_5.jpg'),
(462, 'Img_047_R_1.jpg'),
(463, 'Img_047_R_2.jpg'),
(464, 'Img_047_R_3.jpg'),
(465, 'Img_047_R_4.jpg'),
(466, 'Img_047_R_5.jpg'),
(467, 'Img_048_L_1.jpg'),
(468, 'Img_048_L_2.jpg'),
(469, 'Img_048_L_3.jpg'),
(470, 'Img_048_L_4.jpg'),
(471, 'Img_048_L_5.jpg'),
(472, 'Img_048_R_1.jpg'),
(473, 'Img_048_R_2.jpg'),
(474, 'Img_048_R_3.jpg'),
(475, 'Img_048_R_4.jpg'),
(476, 'Img_048_R_5.jpg'),
(477, 'Img_049_L_1.jpg'),
(478, 'Img_049_L_2.jpg'),
(479, 'Img_049_L_3.jpg'),
(480, 'Img_049_L_4.jpg'),
(481, 'Img_049_L_5.jpg'),
(482, 'Img_049_R_1.jpg'),
(483, 'Img_049_R_2.jpg'),
(484, 'Img_049_R_3.jpg'),
(485, 'Img_049_R_4.jpg'),
(486, 'Img_049_R_5.jpg'),
(487, 'Img_050_L_1.jpg'),
(488, 'Img_050_L_2.jpg'),
(489, 'Img_050_L_3.jpg'),
(490, 'Img_050_L_4.jpg'),
(491, 'Img_050_L_5.jpg'),
(492, 'Img_050_R_1.jpg'),
(493, 'Img_050_R_2.jpg'),
(494, 'Img_050_R_3.jpg'),
(495, 'Img_050_R_4.jpg'),
(496, 'Img_050_R_5.jpg'),
(497, 'Img_051_L_1.jpg'),
(498, 'Img_051_L_2.jpg'),
(499, 'Img_051_L_3.jpg'),
(500, 'Img_051_L_4.jpg'),
(501, 'Img_051_L_5.jpg'),
(502, 'Img_051_R_1.jpg'),
(503, 'Img_051_R_3.jpg'),
(504, 'Img_051_R_4.jpg'),
(505, 'Img_051_R_5.jpg'),
(506, 'Img_052_L_1.jpg'),
(507, 'Img_052_L_2.jpg'),
(508, 'Img_052_L_3.jpg'),
(509, 'Img_052_L_4.jpg'),
(510, 'Img_052_L_5.jpg'),
(511, 'Img_052_R_1.jpg'),
(512, 'Img_052_R_3.jpg'),
(513, 'Img_052_R_4.jpg'),
(514, 'Img_052_R_5.jpg'),
(515, 'Img_053_L_1.jpg'),
(516, 'Img_053_L_2.jpg'),
(517, 'Img_053_L_3.jpg'),
(518, 'Img_053_L_4.jpg'),
(519, 'Img_053_L_5.jpg'),
(520, 'Img_053_R_1.jpg'),
(521, 'Img_053_R_2.jpg'),
(522, 'Img_053_R_3.jpg'),
(523, 'Img_053_R_4.jpg'),
(524, 'Img_053_R_5.jpg'),
(525, 'Img_054_L_1.jpg'),
(526, 'Img_054_L_2.jpg'),
(527, 'Img_054_L_3.jpg'),
(528, 'Img_054_L_4.jpg'),
(529, 'Img_054_L_5.jpg'),
(530, 'Img_054_R_1.jpg'),
(531, 'Img_054_R_2.jpg'),
(532, 'Img_054_R_3.jpg'),
(533, 'Img_054_R_4.jpg'),
(534, 'Img_054_R_5.jpg'),
(535, 'Img_055_L_1.jpg'),
(536, 'Img_055_L_2.jpg'),
(537, 'Img_055_L_3.jpg'),
(538, 'Img_055_L_4.jpg'),
(539, 'Img_055_L_5.jpg'),
(540, 'Img_055_R_1.jpg'),
(541, 'Img_055_R_2.jpg'),
(542, 'Img_055_R_3.jpg'),
(543, 'Img_055_R_4.jpg'),
(544, 'Img_055_R_5.jpg'),
(545, 'Img_056_L_1.jpg'),
(546, 'Img_056_L_2.jpg'),
(547, 'Img_056_L_3.jpg'),
(548, 'Img_056_L_4.jpg'),
(549, 'Img_056_L_5.jpg'),
(550, 'Img_056_R_1.jpg'),
(551, 'Img_056_R_2.jpg'),
(552, 'Img_056_R_3.jpg'),
(553, 'Img_056_R_4.jpg'),
(554, 'Img_056_R_5.jpg'),
(555, 'Img_057_L_1.jpg'),
(556, 'Img_057_L_2.jpg'),
(557, 'Img_057_L_3.jpg'),
(558, 'Img_057_L_4.jpg'),
(559, 'Img_057_L_5.jpg'),
(560, 'Img_057_R_1.jpg'),
(561, 'Img_057_R_2.jpg'),
(562, 'Img_057_R_3.jpg'),
(563, 'Img_057_R_4.jpg'),
(564, 'Img_057_R_5.jpg'),
(565, 'Img_058_L_1.jpg'),
(566, 'Img_058_L_2.jpg'),
(567, 'Img_058_L_3.jpg'),
(568, 'Img_058_L_4.jpg'),
(569, 'Img_058_L_5.jpg'),
(570, 'Img_058_R_1.jpg'),
(571, 'Img_058_R_2.jpg'),
(572, 'Img_058_R_3.jpg'),
(573, 'Img_058_R_4.jpg'),
(574, 'Img_058_R_5.jpg'),
(575, 'Img_059_L_1.jpg'),
(576, 'Img_059_L_2.jpg'),
(577, 'Img_059_L_3.jpg'),
(578, 'Img_059_L_4.jpg'),
(579, 'Img_059_L_5.jpg'),
(580, 'Img_059_R_1.jpg'),
(581, 'Img_059_R_2.jpg'),
(582, 'Img_059_R_3.jpg'),
(583, 'Img_059_R_4.jpg'),
(584, 'Img_059_R_5.jpg'),
(585, 'Img_060_L_1.jpg'),
(586, 'Img_060_L_2.jpg'),
(587, 'Img_060_L_3.jpg'),
(588, 'Img_060_L_4.jpg'),
(589, 'Img_060_L_5.jpg'),
(590, 'Img_060_R_1.jpg'),
(591, 'Img_060_R_2.jpg'),
(592, 'Img_060_R_3.jpg'),
(593, 'Img_060_R_4.jpg'),
(594, 'Img_060_R_5.jpg'),
(595, 'Img_061_L_1.jpg'),
(596, 'Img_061_L_10.jpg'),
(597, 'Img_061_L_2.jpg'),
(598, 'Img_061_L_3.jpg'),
(599, 'Img_061_L_4.jpg'),
(600, 'Img_061_L_5.jpg'),
(601, 'Img_061_L_6.jpg'),
(602, 'Img_061_L_7.jpg'),
(603, 'Img_061_L_8.jpg'),
(604, 'Img_061_L_9.jpg'),
(605, 'Img_061_R_1.jpg'),
(606, 'Img_061_R_10.jpg'),
(607, 'Img_061_R_2.jpg'),
(608, 'Img_061_R_3.jpg'),
(609, 'Img_061_R_4.jpg'),
(610, 'Img_061_R_5.jpg'),
(611, 'Img_061_R_6.jpg'),
(612, 'Img_061_R_7.jpg'),
(613, 'Img_061_R_8.jpg'),
(614, 'Img_061_R_9.jpg'),
(615, 'Img_062_L_1.jpg'),
(616, 'Img_062_L_2.jpg'),
(617, 'Img_062_L_3.jpg'),
(618, 'Img_062_L_4.jpg'),
(619, 'Img_062_L_5.jpg'),
(620, 'Img_062_R_1.jpg'),
(621, 'Img_062_R_2.jpg'),
(622, 'Img_062_R_3.jpg'),
(623, 'Img_062_R_4.jpg'),
(624, 'Img_062_R_5.jpg'),
(625, 'Img_063_L_1.jpg'),
(626, 'Img_063_L_2.jpg'),
(627, 'Img_063_L_3.jpg'),
(628, 'Img_063_L_4.jpg'),
(629, 'Img_063_L_5.jpg'),
(630, 'Img_063_R_1.jpg'),
(631, 'Img_063_R_2.jpg'),
(632, 'Img_063_R_3.jpg'),
(633, 'Img_063_R_4.jpg'),
(634, 'Img_063_R_5.jpg'),
(635, 'Img_064_L_1.jpg'),
(636, 'Img_064_L_2.jpg'),
(637, 'Img_064_L_3.jpg'),
(638, 'Img_064_L_4.jpg'),
(639, 'Img_064_L_5.jpg'),
(640, 'Img_064_R_1.jpg'),
(641, 'Img_064_R_2.jpg'),
(642, 'Img_064_R_3.jpg'),
(643, 'Img_064_R_4.jpg'),
(644, 'Img_064_R_5.jpg'),
(645, 'Img_065_L_1.jpg'),
(646, 'Img_065_L_2.jpg'),
(647, 'Img_065_L_3.jpg'),
(648, 'Img_065_L_4.jpg'),
(649, 'Img_065_L_5.jpg'),
(650, 'Img_065_R_1.jpg'),
(651, 'Img_065_R_2.jpg'),
(652, 'Img_065_R_3.jpg'),
(653, 'Img_065_R_4.jpg'),
(654, 'Img_065_R_5.jpg'),
(655, 'Img_066_L_1.jpg'),
(656, 'Img_066_L_2.jpg'),
(657, 'Img_066_L_3.jpg'),
(658, 'Img_066_L_4.jpg'),
(659, 'Img_066_L_5.jpg'),
(660, 'Img_066_R_1.jpg'),
(661, 'Img_066_R_2.jpg'),
(662, 'Img_066_R_3.jpg'),
(663, 'Img_066_R_4.jpg'),
(664, 'Img_066_R_5.jpg'),
(665, 'Img_067_L_1.jpg'),
(666, 'Img_067_L_2.jpg'),
(667, 'Img_067_L_3.jpg'),
(668, 'Img_067_L_4.jpg'),
(669, 'Img_067_L_5.jpg'),
(670, 'Img_067_R_1.jpg'),
(671, 'Img_067_R_2.jpg'),
(672, 'Img_067_R_3.jpg'),
(673, 'Img_067_R_4.jpg'),
(674, 'Img_067_R_5.jpg'),
(675, 'Img_068_L_1.jpg'),
(676, 'Img_068_L_2.jpg'),
(677, 'Img_068_L_3.jpg'),
(678, 'Img_068_L_4.jpg'),
(679, 'Img_068_L_5.jpg'),
(680, 'Img_068_R_1.jpg'),
(681, 'Img_068_R_2.jpg'),
(682, 'Img_068_R_3.jpg'),
(683, 'Img_068_R_4.jpg'),
(684, 'Img_068_R_5.jpg'),
(685, 'Img_069_L_1.jpg'),
(686, 'Img_069_L_2.jpg'),
(687, 'Img_069_L_3.jpg'),
(688, 'Img_069_L_4.jpg'),
(689, 'Img_069_L_5.jpg'),
(690, 'Img_069_R_1.jpg'),
(691, 'Img_069_R_2.jpg'),
(692, 'Img_069_R_3.jpg'),
(693, 'Img_069_R_4.jpg'),
(694, 'Img_069_R_5.jpg'),
(695, 'Img_070_L_1.jpg'),
(696, 'Img_070_L_2.jpg'),
(697, 'Img_070_L_3.jpg'),
(698, 'Img_070_L_4.jpg'),
(699, 'Img_070_L_5.jpg'),
(700, 'Img_070_R_1.jpg'),
(701, 'Img_070_R_2.jpg'),
(702, 'Img_070_R_3.jpg'),
(703, 'Img_070_R_4.jpg'),
(704, 'Img_070_R_5.jpg'),
(705, 'Img_071_L_1.jpg'),
(706, 'Img_071_L_2.jpg'),
(707, 'Img_071_L_4.jpg'),
(708, 'Img_071_L_5.jpg'),
(709, 'Img_071_R_1.jpg'),
(710, 'Img_071_R_3.jpg'),
(711, 'Img_071_R_4.jpg'),
(712, 'Img_071_R_5.jpg'),
(713, 'Img_072_L_1.jpg'),
(714, 'Img_072_L_2.jpg'),
(715, 'Img_072_L_3.jpg'),
(716, 'Img_072_L_4.jpg'),
(717, 'Img_072_L_5.jpg'),
(718, 'Img_072_R_1.jpg'),
(719, 'Img_072_R_2.jpg'),
(720, 'Img_072_R_3.jpg'),
(721, 'Img_072_R_4.jpg'),
(722, 'Img_072_R_5.jpg'),
(723, 'Img_073_L_1.jpg'),
(724, 'Img_073_L_2.jpg'),
(725, 'Img_073_L_3.jpg'),
(726, 'Img_073_L_4.jpg'),
(727, 'Img_073_L_5.jpg'),
(728, 'Img_073_R_1.jpg'),
(729, 'Img_073_R_2.jpg'),
(730, 'Img_073_R_3.jpg'),
(731, 'Img_073_R_4.jpg'),
(732, 'Img_073_R_5.jpg'),
(733, 'Img_074_L_1.jpg'),
(734, 'Img_074_L_2.jpg'),
(735, 'Img_074_L_3.jpg'),
(736, 'Img_074_L_4.jpg'),
(737, 'Img_074_L_5.jpg'),
(738, 'Img_074_R_1.jpg'),
(739, 'Img_074_R_2.jpg'),
(740, 'Img_074_R_3.jpg'),
(741, 'Img_074_R_4.jpg'),
(742, 'Img_074_R_5.jpg'),
(743, 'Img_075_L_1.jpg'),
(744, 'Img_075_L_2.jpg'),
(745, 'Img_075_L_3.jpg'),
(746, 'Img_075_L_4.jpg'),
(747, 'Img_075_L_5.jpg'),
(748, 'Img_075_L_6.jpg'),
(749, 'Img_075_R_1.jpg'),
(750, 'Img_075_R_2.jpg'),
(751, 'Img_075_R_3.jpg'),
(752, 'Img_075_R_4.jpg'),
(753, 'Img_076_L_1.jpg'),
(754, 'Img_076_L_2.jpg'),
(755, 'Img_076_L_3.jpg'),
(756, 'Img_076_L_4.jpg'),
(757, 'Img_076_L_5.jpg'),
(758, 'Img_076_R_1.jpg'),
(759, 'Img_076_R_2.jpg'),
(760, 'Img_076_R_3.jpg'),
(761, 'Img_076_R_4.jpg'),
(762, 'Img_076_R_5.jpg'),
(763, 'Img_077_L_1.jpg'),
(764, 'Img_077_L_2.jpg'),
(765, 'Img_077_L_3.jpg'),
(766, 'Img_077_L_4.jpg'),
(767, 'Img_077_L_5.jpg'),
(768, 'Img_077_R_1.jpg'),
(769, 'Img_077_R_2.jpg'),
(770, 'Img_077_R_3.jpg'),
(771, 'Img_077_R_4.jpg'),
(772, 'Img_077_R_5.jpg'),
(773, 'Img_078_L_1.jpg'),
(774, 'Img_078_L_2.jpg'),
(775, 'Img_078_L_3.jpg'),
(776, 'Img_078_L_4.jpg'),
(777, 'Img_078_L_5.jpg'),
(778, 'Img_078_R_1.jpg'),
(779, 'Img_078_R_2.jpg'),
(780, 'Img_078_R_3.jpg'),
(781, 'Img_078_R_4.jpg'),
(782, 'Img_078_R_5.jpg'),
(783, 'Img_079_L_1.jpg'),
(784, 'Img_079_L_2.jpg'),
(785, 'Img_079_L_3.jpg'),
(786, 'Img_079_L_4.jpg'),
(787, 'Img_079_L_5.jpg'),
(788, 'Img_079_R_1.jpg'),
(789, 'Img_079_R_2.jpg'),
(790, 'Img_079_R_3.jpg'),
(791, 'Img_079_R_4.jpg'),
(792, 'Img_079_R_5.jpg');

-- --------------------------------------------------------

--
-- Stand-in structure for view `images_count`
-- (See below for the actual view)
--
CREATE TABLE `images_count` (
`id` int(11)
,`filename` varchar(255)
,`n_clicks` bigint(21)
);

-- --------------------------------------------------------

--
-- Stand-in structure for view `images_with_clicks`
-- (See below for the actual view)
--
CREATE TABLE `images_with_clicks` (
`id` int(11)
,`filename` varchar(255)
,`id_photo` int(11)
,`n_clicks` bigint(21)
);

-- --------------------------------------------------------

--
-- Stand-in structure for view `leaderboard`
-- (See below for the actual view)
--
CREATE TABLE `leaderboard` (
`N` bigint(21)
,`username` text
,`status` text
,`id_player` int(11)
);

-- --------------------------------------------------------

--
-- Table structure for table `players`
--

CREATE TABLE `players` (
  `id` int(11) NOT NULL,
  `username` text NOT NULL,
  `password` text NOT NULL,
  `salt` text NOT NULL,
  `status` text NOT NULL
) ENGINE=MyISAM DEFAULT CHARSET=latin1;

--
-- Dumping data for table `players`
--

INSERT INTO `players` (`id`, `username`, `password`, `salt`, `status`) VALUES
(1, 'testi', 'e7e941b1f09f266540c6780db51d5f58', 'XPL1+1vOwT2ClylIeY4N7JNjWuqhP0OiVsNn7luiBLIXkv0irCtxqoflE9uav+oh', 'OPE'),
(2, 'eero', 'F25F2sKMQQKF9LsSh4iUjX65x0mbIQT1VLKra47f1jz2Mny+mj9qtYUpEJJ5kYf62MuERpMkPvRHOHJ6noQUCg==', 'arGd5FFLtIJ356FVY+aNUCvraPBzM01wBY+bAcSY6b9fO2VPuB7LG+t1gwRJoluT', 'OPE'),
(3, 'pera', 'k40ubB2KNgHK7JUxmLfbJD8EIkmco7HXwzJ/zw+c4vP8w5MRRjxc6XRqpEHKN9cczLLlpPXPXFAbjXkmiIEK1A==', '2Itgz9fPJSzgpDstkre0Vse7vrfYf1OEWSL4ZGbtIeUYT+lVKst/Joht7jCjq5no', 'OPE');

-- --------------------------------------------------------

--
-- Stand-in structure for view `total_clicks`
-- (See below for the actual view)
--
CREATE TABLE `total_clicks` (
`total` bigint(21)
);

-- --------------------------------------------------------

--
-- Table structure for table `users`
--

CREATE TABLE `users` (
  `id` int(11) NOT NULL,
  `username` text NOT NULL,
  `password` text NOT NULL,
  `salt` text NOT NULL
) ENGINE=MyISAM DEFAULT CHARSET=latin1;

--
-- Dumping data for table `users`
--

INSERT INTO `users` (`id`, `username`, `password`, `salt`) VALUES
(2, 'david', 'e7e941b1f09f266540c6780db51d5f58', '5Hv!m5[Kk+vCky5MR3pt(g"]k<BTUGm/'),
(3, 'testi2', 'Lk5LRUhPyKOr5Yxu8Ontt71ayJ2AJ4f9y/a7MXhTZRWhL9bUk21ksUU7WptkJPqqlZ22JPLLWU4fVdluexyaiw==', 'bsbQL/+eL+4qlDZIZ3smJzabxth7n66dNrkjvUHbmYdY4gTVRUwqGQSQIpTLjEvt');

-- --------------------------------------------------------

--
-- Stand-in structure for view `valid_clicks`
-- (See below for the actual view)
--
CREATE TABLE `valid_clicks` (
`id` int(11)
,`id_photo` int(11)
,`x` int(11)
,`y` int(11)
,`id_player` int(11)
);

-- --------------------------------------------------------

--
-- Structure for view `clicks_per_photo`
--
DROP TABLE IF EXISTS `clicks_per_photo`;

CREATE ALGORITHM=UNDEFINED DEFINER=`root`@`localhost` SQL SECURITY DEFINER VIEW `clicks_per_photo`  AS  select `clicks`.`id_photo` AS `id_photo`,count(`clicks`.`id_photo`) AS `n_clicks` from `valid_clicks` `clicks` group by `clicks`.`id_photo` ;

-- --------------------------------------------------------

--
-- Structure for view `clicks_per_player`
--
DROP TABLE IF EXISTS `clicks_per_player`;

CREATE ALGORITHM=UNDEFINED DEFINER=`root`@`localhost` SQL SECURITY DEFINER VIEW `clicks_per_player`  AS  select `c`.`id` AS `id`,`p`.`username` AS `username`,`p`.`status` AS `status`,`p`.`id` AS `id_player` from (`players` `p` left join `clicks` `c` on((`c`.`id_player` = `p`.`id`))) ;

-- --------------------------------------------------------

--
-- Structure for view `images_count`
--
DROP TABLE IF EXISTS `images_count`;

CREATE ALGORITHM=UNDEFINED DEFINER=`root`@`localhost` SQL SECURITY DEFINER VIEW `images_count`  AS  select `images_with_clicks`.`id` AS `id`,`images_with_clicks`.`filename` AS `filename`,coalesce(`images_with_clicks`.`n_clicks`,0) AS `n_clicks` from `images_with_clicks` ;

-- --------------------------------------------------------

--
-- Structure for view `images_with_clicks`
--
DROP TABLE IF EXISTS `images_with_clicks`;

CREATE ALGORITHM=UNDEFINED DEFINER=`root`@`localhost` SQL SECURITY DEFINER VIEW `images_with_clicks`  AS  select `images`.`id` AS `id`,`images`.`filename` AS `filename`,`c`.`id_photo` AS `id_photo`,`c`.`n_clicks` AS `n_clicks` from (`images` left join `clicks_per_photo` `c` on((`images`.`id` = `c`.`id_photo`))) ;

-- --------------------------------------------------------

--
-- Structure for view `leaderboard`
--
DROP TABLE IF EXISTS `leaderboard`;

CREATE ALGORITHM=UNDEFINED DEFINER=`root`@`localhost` SQL SECURITY DEFINER VIEW `leaderboard`  AS  select count(`clicks_per_player`.`id`) AS `N`,`clicks_per_player`.`username` AS `username`,`clicks_per_player`.`status` AS `status`,`clicks_per_player`.`id_player` AS `id_player` from `clicks_per_player` group by `clicks_per_player`.`id_player` order by `N` desc ;

-- --------------------------------------------------------

--
-- Structure for view `total_clicks`
--
DROP TABLE IF EXISTS `total_clicks`;

CREATE ALGORITHM=UNDEFINED DEFINER=`root`@`localhost` SQL SECURITY DEFINER VIEW `total_clicks`  AS  select count(0) AS `total` from `valid_clicks` ;

-- --------------------------------------------------------

--
-- Structure for view `valid_clicks`
--
DROP TABLE IF EXISTS `valid_clicks`;

CREATE ALGORITHM=UNDEFINED DEFINER=`root`@`localhost` SQL SECURITY DEFINER VIEW `valid_clicks`  AS  select `clicks`.`id` AS `id`,`clicks`.`id_photo` AS `id_photo`,`clicks`.`x` AS `x`,`clicks`.`y` AS `y`,`clicks`.`id_player` AS `id_player` from (`clicks` join `players` on((`clicks`.`id_player` = `players`.`id`))) where (`players`.`status` = 'OPE') ;

--
-- Indexes for dumped tables
--

--
-- Indexes for table `clicks`
--
ALTER TABLE `clicks`
  ADD PRIMARY KEY (`id`),
  ADD KEY `id_photo` (`id_photo`);

--
-- Indexes for table `images`
--
ALTER TABLE `images`
  ADD PRIMARY KEY (`id`);

--
-- Indexes for table `players`
--
ALTER TABLE `players`
  ADD PRIMARY KEY (`id`);

--
-- Indexes for table `users`
--
ALTER TABLE `users`
  ADD PRIMARY KEY (`id`);

--
-- AUTO_INCREMENT for dumped tables
--

--
-- AUTO_INCREMENT for table `clicks`
--
ALTER TABLE `clicks`
  MODIFY `id` int(11) NOT NULL AUTO_INCREMENT, AUTO_INCREMENT=825;
--
-- AUTO_INCREMENT for table `images`
--
ALTER TABLE `images`
  MODIFY `id` int(11) NOT NULL AUTO_INCREMENT, AUTO_INCREMENT=793;
--
-- AUTO_INCREMENT for table `players`
--
ALTER TABLE `players`
  MODIFY `id` int(11) NOT NULL AUTO_INCREMENT, AUTO_INCREMENT=4;
--
-- AUTO_INCREMENT for table `users`
--
ALTER TABLE `users`
  MODIFY `id` int(11) NOT NULL AUTO_INCREMENT, AUTO_INCREMENT=4;
--
-- Constraints for dumped tables
--

--
-- Constraints for table `clicks`
--
ALTER TABLE `clicks`
  ADD CONSTRAINT `click_to_photo` FOREIGN KEY (`id_photo`) REFERENCES `images` (`id`) ON DELETE CASCADE ON UPDATE NO ACTION;

/*!40101 SET CHARACTER_SET_CLIENT=@OLD_CHARACTER_SET_CLIENT */;
/*!40101 SET CHARACTER_SET_RESULTS=@OLD_CHARACTER_SET_RESULTS */;
/*!40101 SET COLLATION_CONNECTION=@OLD_COLLATION_CONNECTION */;
